last_name	first_name	address	city	state	zip_code	phone	email
Nicholson	Quentin	6092 Porttitor Rd.	Trochu	Alberta	G0Y 1ZR	(891) 149-7075	condimentum.Donec.at@liberoInteger.ca
Pena	Shad	P.O. Box 233, 8132 Libero. St.	Berlin	BE	32279	(457) 113-9497	in@fringillaDonec.co.uk
Sosa	Ginger	481-8391 Ante Ave	Juazeiro	Bahia	E7Z 6E9	(805) 428-3222	Duis.ac@commodo.net
Woodward	Urielle	433-7065 Fusce Ave	Darıca	Kocaeli	9919	(235) 937-6274	pede@dolortempus.com
West	Hadley	107-9456 Mauris Rd.	Cork	M	539768	(394) 568-2605	nulla.at@Proinnislsem.net
Dennis	Zeus	P.O. Box 720, 6367 Duis Av.	Okene	Kogi	82-203	(652) 276-2359	pharetra.Nam@dictumultriciesligula.co.uk
Silva	Gannon	7855 Aliquam St.	Veere	Zeeland	85851	(616) 106-9741	Proin@Nullamsuscipitest.edu
Branch	Gemma	Ap #160-9760 Orci, Street	Cork	M	55964-635	(998) 767-5510	id.nunc@augueid.net
Downs	Bruno	Ap #731-9808 Vulputate, St.	Heidelberg	BW	4128WU	(516) 578-0481	nisl.sem@estMauriseu.ca
Mckinney	Wing	Ap #877-2566 Tempus Av.	Queanbeyan	New South Wales	87212-842	(643) 535-9510	et@arcuSedet.co.uk
Lynch	Dennis	4524 Tincidunt Avenue	Pinneberg	SH	30327	(528) 787-3897	nunc.Quisque@Suspendisse.co.uk
Gillespie	Zeph	P.O. Box 753, 4331 Sit Ave	Alacant	CV	LJ4 2GK	(245) 870-4577	ad@Maurismagna.edu
Fleming	Jaquelyn	P.O. Box 674, 4637 In Road	Lloydminster	AB	P91 0BC	(367) 544-0585	Duis.sit.amet@ligulaconsectetuerrhoncus.com
Dean	Plato	Ap #523-448 Aliquam Av.	Vienna	Wie	0417RX	(387) 736-6355	sit.amet.dapibus@velquamdignissim.edu
Walters	Erin	Ap #828-2543 Nec St.	Kapiti	NI	990027	(134) 453-9594	Vivamus.non.lorem@dolornonummyac.co.uk
Meadows	Bertha	1954 Ac Street	Burlington	Ontario	99339	(619) 311-9277	risus@amet.org
Rutledge	Jennifer	Ap #371-9974 Consectetuer Av.	Belfast	U	50182	(942) 604-6344	massa.Suspendisse.eleifend@eliterat.com
Knapp	Mara	P.O. Box 807, 612 Sapien. St.	Płock	MA	60312	(461) 509-2154	Donec.elementum.lorem@tristique.org
Wyatt	David	465-3147 Sed Rd.	Turrialba	C	693222	(X25) X63-8570	In@dictumeleifend.net
Schmidt	Kuame	652-4252 Nullam Street	Hattem	Gl	2327	(154) 426-8001	sit.amet.luctus@egestas.co.uk
Greene	Penelope	P.O. Box 677, 2506 Et Av.	Rotorua	NI	30338	(530) 973-5433	dis.parturient@nascetur.net
Browning	Ivor	P.O. Box 364, 1736 Libero Avenue	Dutse	JI	36224	(271) 383-6397	hendrerit@In.edu
Molina	Gregory	642 Id Ave	Newcastle	New South Wales	47225-599	(817) 145-0003	scelerisque.neque.Nullam@nibh.ca
William	Gil	P.O. Box 641, 5823 Nulla Street	Waiuku	North Island	95328	(847) 979-5443	odio.Etiam.ligula@nibhvulputatemauris.org
Vang	Declan	P.O. Box 470, 9153 Amet Road	Zaria	Kaduna	17561	(573) 416-2515	turpis.egestas.Fusce@lacus.net
Haynes	Patience	9635 Ipsum Street	Okigwe	IM	FG6 5TC	(824) 203-7547	urna.nec@et.com
Guzman	Byron	943-4718 Tristique Av.	Purnea	JH	391660	(443) 292-6094	diam.eu.dolor@semvitae.ca
Chaney	Deirdre	741-3871 Integer Rd.	Saint-Herblain	PA	82761	(522) 475-7910	dui@nonsollicitudin.ca
Puckett	Jessica	P.O. Box 840, 7065 Erat Ave	Governador Valadares	Minas Gerais	86255	(805) 218-2873	ullamcorper.nisl.arcu@Lorem.edu
Tyler	Alyssa	P.O. Box 988, 3405 Lacus Street	Dutse	JI	43-044	(204) 215-2295	mi.eleifend@Integerurna.edu
Cooper	Kay	318-6114 Nonummy Ave	Olcenengo	Piemonte	30601	(456) 307-2900	vestibulum.Mauris.magna@rutrumjusto.ca
Bolton	Shad	Ap #706-2396 Egestas Avenue	Córdoba	Andalucía	YT46 0UV	(584) 636-1427	congue.In.scelerisque@egetmetuseu.co.uk
Andrews	Gareth	257-226 Mauris Rd.	Tarragona	Catalunya	66548	(656) 516-8030	luctus.aliquet@tortorIntegeraliquam.co.uk
Vincent	Laurel	7511 Aenean St.	New Orleans	Louisiana	8000	(163) 751-0209	dictum.placerat.augue@Proinsed.ca
Carson	Alan	939-6805 Aliquam Rd.	Teruel	Aragón	652355	(595) 683-4317	ligula.consectetuer.rhoncus@Suspendisse.co.uk
Ball	Neil	441-1820 Morbi Ave	Osgoode	ON	601585	(960) 126-6777	lorem@tempor.co.uk
Puckett	Fulton	P.O. Box 214, 4610 Augue, Avenue	Stokrooie	Limburg	90719	(742) 515-4352	sed@nonummyut.co.uk
Sears	Ferris	P.O. Box 187, 3942 Egestas Street	Galway	C	41909	(419) 566-4736	Suspendisse.tristique@Sedidrisus.edu
Waller	Colt	3903 Enim Rd.	Belgrave	Victoria	8808	(276) 196-7746	et.libero@egestasrhoncus.ca
Cooper	Octavius	6487 Metus. Street	Silchar	AS	1706	(340) 734-3293	nec@ultriciesornareelit.com
Maddox	Dorian	821-7752 Non, Rd.	Vitrolles	PR	9885	(505) 314-8920	non.dui.nec@Sedmolestie.co.uk
Rowe	Robin	Ap #390-7576 Nibh Rd.	Langenhagen	Lower Saxony	R1 6PM	(697) 107-2119	varius.et.euismod@Pellentesquetincidunttempus.com
Martinez	Jolene	330-9836 Nulla Av.	Hody	Luik	731727	(882) 947-2207	risus.Donec.egestas@dictumeleifend.org
Greer	Molly	921-7457 Aenean Avenue	Dublin	Leinster	4642	(198) 543-9634	vitae@sedliberoProin.ca
Rhodes	Chaney	P.O. Box 443, 671 Auctor, Road	Berlin	Berlin	74242	(506) 695-3906	Mauris.eu@idanteNunc.ca
Craft	Kiayada	858-6130 Tellus St.	Şereflikoçhisar	Ank	197898	(966) 363-3291	egestas@turpisegestasAliquam.net
Duke	Tobias	Ap #699-258 Orci Ave	Pointe-Claire	QC	7718OP	(286) 927-6504	lacus.Etiam@ridiculusmusDonec.com
Carr	Mercedes	768-8867 Vehicula Road	Berlin	BE	12878	(886) 197-5377	elit@Sed.net
Saunders	Kenyon	993-3960 Vehicula Ave	Sint-Joost-ten-Node	Brussels Hoofdstedelijk Gewest	16135	(836) 409-8083	non@blanditenimconsequat.org
Hines	Colette	Ap #475-1813 Luctus Street	Legnica	DS	89790	(464) 119-4363	Aenean.sed@aliquetmolestie.co.uk
Ferguson	Iola	P.O. Box 564, 2079 Mauris Avenue	Terrance	BC	75421	(396) 829-1862	volutpat@elitsed.co.uk
Houston	Wynter	P.O. Box 442, 2917 Cras Av.	Curridabat	San José	7526	(X25) X41-7080	tortor@justo.com
Norman	Leigh	7883 Nec Road	Detroit	MI	818157	(266) 323-9467	dapibus.id.blandit@Aeneanegestas.com
Hewitt	Jillian	P.O. Box 812, 4675 Lectus Street	Blue Mountains	New South Wales	83763	(755) 346-3362	parturient.montes@lacus.edu
Waters	MacKensie	316-9139 Lobortis Rd.	Cessnock	New South Wales	4562	(264) 179-5434	a@arcuSedet.com
Vaughan	Grant	5709 Proin St.	Angers	Pays de la Loire	TZ9 9EH	(880) 699-5981	Cras@velit.com
Humphrey	Indigo	Ap #152-3404 Lobortis, Avenue	Vienna	Wie	50715	(322) 976-7552	molestie.sodales@lobortisauguescelerisque.net
Moon	Cynthia	722-8164 Netus Street	Salem	Oregon	87636	(122) 778-8640	ut.erat.Sed@pellentesqueafacilisis.net
Sullivan	Sonia	4432 Mi Street	Gold Coast	Queensland	10155	(111) 382-7869	ipsum.Donec@odio.org
Hughes	Illiana	P.O. Box 357, 8692 Elit Rd.	Campinas	SP	12522-379	(650) 164-8951	at.nisi.Cum@nonmagna.edu
Clemons	Anika	P.O. Box 889, 1247 Orci, Road	Kettering	Northamptonshire	865574	(965) 928-6075	interdum@malesuada.ca
Chandler	Jena	755-8561 Rhoncus. Ave	Saint-Eug�ne-de-Ladri�re	QC	86-559	(804) 296-2640	interdum.Curabitur.dictum@ullamcorpermagnaSed.com
Finch	Shellie	8690 Donec Avenue	Caloundra	QLD	3179	(696) 428-0003	vestibulum@lacus.ca
Buckley	Lisandra	Ap #754-6718 Magna. Road	Portland	OR	77830	(308) 429-1146	per@eget.org
Dyer	Pascale	9218 Elementum St.	Durness	SU	5896WZ	(397) 944-2153	dictum.ultricies.ligula@molestietellus.co.uk
Stephens	Ginger	9631 Elementum Road	Grangemouth	Stirlingshire	4215	(305) 895-8058	justo.Proin@uterat.org
Doyle	Debra	P.O. Box 758, 4238 Risus. St.	Hastings	Sussex	3495	(158) 433-5122	feugiat@ligulaNullam.net
Booker	Nayda	P.O. Box 324, 4834 Dolor. Road	Sokoto	Sokoto	549658	(365) 260-4337	fames.ac.turpis@mauriseuelit.co.uk
England	Phoebe	781-4147 Turpis. Avenue	Nicoya	Guanacaste	72703	(X26) X90-2888	Donec@at.com
Barnes	Tallulah	488-1357 Ut, Road	Polatlı	Ankara	182995	(689) 533-6963	odio.vel.est@nectempus.net
Griffith	Joelle	Ap #737-5317 Scelerisque, Street	Montrose	Angus	7258LQ	(846) 244-1508	in@porta.co.uk
Buchanan	Aurora	P.O. Box 431, 9655 Habitant St.	Łomża	PD	L5L 1G6	(962) 769-7998	montes.nascetur@iaculisaliquet.co.uk
Tucker	Xenos	738-8559 Lorem Ave	Lauro de Freitas	Bahia	K9B 4X8	(959) 143-2843	nec.tempus.mauris@risusMorbimetus.com
Wiggins	Patience	751-9042 Ac, Avenue	Joué-lès-Tours	Centre	48569-273	(845) 834-8816	sed.sem.egestas@sit.edu
Wallace	Xenos	562-9780 Ridiculus Ave	Berlin	Berlin	38246	(907) 422-7050	semper.auctor.Mauris@aliquetPhasellus.co.uk
Ruiz	Dennis	Ap #443-3360 Duis St.	Sart-Eustache	Namen	61616	(351) 599-9219	justo@justosit.ca
Vasquez	Dustin	778-8503 Maecenas Road	Devonport	TAS	25563	(738) 671-1392	nec.leo@Fuscealiquetmagna.com
Willis	Shoshana	164-2135 Elit, Ave	Fresno	California	934615	(372) 741-9209	egestas@blandit.edu
Powers	Benedict	P.O. Box 906, 3504 Interdum Rd.	Culemborg	Gl	5425	(112) 591-8321	magna.Duis@Suspendissenon.org
Bolton	Renee	223-4968 Id Ave	Jundiaí	São Paulo	2919HR	(942) 904-5023	mus.Proin.vel@aliquetnecimperdiet.edu
Rivas	George	Ap #823-9229 Dolor, St.	Damme	WV	75207	(451) 534-4981	non.justo.Proin@Donecfelis.edu
Carver	Andrew	8836 Euismod Rd.	Bonnyrigg	ML	271082	(434) 914-2238	et@ullamcorpereueuismod.co.uk
Sweeney	George	822-9590 Vel Av.	Sint-Gillis	Brussels Hoofdstedelijk Gewest	IW00 1BD	(623) 480-1785	vestibulum.lorem.sit@sedpede.org
Howard	Inga	8845 Duis St.	Rockingham	Western Australia	5551LA	(355) 795-6564	condimentum.Donec.at@Vestibulumut.org
Jenkins	Fletcher	Ap #902-7391 Egestas, Rd.	Ourense	Galicia	11710	(155) 618-2008	nec@tellusnonmagna.co.uk
Grimes	Ryan	Ap #617-3464 Malesuada Rd.	Turrialba	Cartago	42758	(X25) X12-5337	lorem.eu.metus@Maurisquis.ca
Potts	Tamekah	P.O. Box 740, 1656 Malesuada Ave	Lewiston	ME	UA9 6FE	(156) 265-6265	augue.ut.lacus@perconubianostra.ca
Dyer	Felix	Ap #651-6845 Etiam Av.	Grimsby	Lincolnshire	L5E 9N4	(241) 962-0670	nulla.Integer.urna@Mauris.ca
King	Tyrone	Ap #598-2840 Blandit Street	Taupo	NI	5720	(843) 242-0635	ut@pretiumnequeMorbi.org
Salazar	Brandon	P.O. Box 120, 1636 Quisque Rd.	Galway	C	93664	(388) 659-5517	neque.venenatis@augueac.com
Merritt	Carly	Ap #403-6961 Tellus. Ave	Ballarat	VIC	60014	(637) 783-1877	dolor@In.ca
Turner	Elliott	698-1403 Convallis Avenue	Santarém	PA	H2X 8W2	(173) 415-5399	In.lorem.Donec@tempusloremfringilla.co.uk
Fischer	Sacha	744-2802 Donec Avenue	Alness	RO	508357	(432) 387-6085	arcu.et.pede@ultricesiaculisodio.ca
Ellison	Yuri	398-5435 Tortor St.	Independence	Missouri	R8W 0V1	(398) 947-9021	Curae.Donec@iderat.org
Wood	Christen	Ap #828-6246 Non, Avenue	Chilliwack	British Columbia	30885	(767) 330-9915	Fusce.mollis.Duis@consectetueripsum.org
Austin	Ruby	762-202 Fusce Street	Taunton	SO	9340	(747) 878-4776	metus.Aliquam.erat@nibh.co.uk
Mcneil	Olympia	5581 Lacus Road	Flushing	Zl	41536	(367) 927-6780	ullamcorper@eu.ca
Zimmerman	Garrett	Ap #238-748 Blandit. Rd.	Pettineo	SIC	60106	(242) 798-2137	metus.eu.erat@dictumplacerataugue.co.uk
Mosley	Lael	P.O. Box 448, 2736 Mus. Av.	Tramatza	SAR	76394	(749) 209-7838	laoreet@nectellus.com
Bowers	Eden	Ap #869-3587 Metus Avenue	Georgia	Georgia	19451	(827) 178-4195	cursus.purus.Nullam@ornaretortor.edu